1,admin,10:24:41 am,-Login successful-
1,admin,10:24:59 am,-View User Listing-
1,admin,10:25:07 am,-View News Listing PAGE:1-
1,admin,10:25:15 am,-Logout successful-
26,rohan,10:25:44 am,-Login successful-
26,rohan,10:26:14 am,-View News Listing PAGE:1-
26,rohan,10:32:52 am,-View News Listing PAGE:1-
26,rohan,10:33:17 am,-View News Listing PAGE:1-
26,rohan,10:34:16 am,-View News Listing PAGE:1-
26,rohan,10:35:10 am,-View News Listing PAGE:1-
26,rohan,10:36:08 am,-View News Listing PAGE:1-
26,rohan,10:36:12 am,-View News Listing PAGE:1-
26,rohan,10:36:31 am,-ADD NEWS [test 1]-
26,rohan,10:36:33 am,-View News Listing PAGE:1-
26,rohan,10:36:51 am,-ADD NEWS [test 2]-
26,rohan,10:36:53 am,-View News Listing PAGE:1-
26,rohan,10:37:12 am,-ADD NEWS [aaaa]-
26,rohan,10:37:14 am,-View News Listing PAGE:1-
26,rohan,10:37:32 am,-View News Listing PAGE:1-
26,rohan,10:37:35 am,-View News Listing PAGE:1-
26,rohan,10:40:21 am,-View News Listing PAGE:1-
26,rohan,10:40:26 am,-View News Listing PAGE:1-
26,rohan,10:40:32 am,-Logout successful-
1,admin,10:40:52 am,-Login successful-
1,admin,10:41:35 am,-View User Listing-
1,admin,10:41:44 am,-View News Listing PAGE:1-
1,admin,10:41:54 am,-View News Listing PAGE:1-
1,admin,10:43:48 am,-Logout successful-
26,rohan,10:44:06 am,-Login successful-
26,rohan,10:44:56 am,-View News Listing PAGE:1-
26,rohan,10:46:37 am,-View News Listing PAGE:1-
26,rohan,10:47:42 am,-View News Listing PAGE:1-
26,rohan,10:48:02 am,-View News Listing PAGE:1-
26,rohan,10:54:32 am,-View News Listing PAGE:1-
26,rohan,10:54:44 am,-View News Listing PAGE:1-
26,rohan,10:54:51 am,-View News Listing PAGE:1-
26,rohan,10:55:20 am,-View News Listing PAGE:1-
26,rohan,10:55:31 am,-View News Listing PAGE:1-
26,rohan,11:02:21 am,-View News Listing PAGE:1-
26,rohan,11:05:00 am,-REQUEST TO DELETE NEWS ARTILCE-
26,rohan,11:05:00 am,-View News Listing PAGE:1-
26,rohan,11:05:34 am,-REQUEST TO DELETE NEWS ARTILCE-
26,rohan,11:05:34 am,-View News Listing PAGE:1-
26,rohan,11:06:49 am,-REQUEST TO DELETE NEWS ARTILCE-
26,rohan,11:06:49 am,-View News Listing PAGE:1-
26,rohan,11:07:00 am,-View News Listing PAGE:1-
26,rohan,11:18:10 am,-Logout successful-
26,rohan,11:20:26 am,-Login successful-
26,rohan,11:20:38 am,-View News Listing PAGE:1-
26,rohan,11:22:24 am,-View News Listing PAGE:1-
26,rohan,11:22:43 am,-Logout successful-
,,11:23:04 am,-LOGIN ATTEMP FAILED FOR USERNAME: rohan AND PASSWORD: 123456-
1,admin,11:27:47 am,-Login successful-
1,admin,11:28:40 am,-View User Listing-
1,admin,11:28:53 am,-View User Listing-
